order_id,order_date,customer_id,product_id,quantity,unit_price,currency
O50035,2025-02-12,C003,P1024,58,15.56,EUR
O51182,2025-09-14,C031,P1007,16,79.35,EUR
O50037,2025-06-16,C002,P1027,12,11.41,EUR
O50499,2026-05-12,C033,P1004,51,20.07,EUR
O50556,16.04.2026,C006,P1029,55,70.32,EUR
O50848,12.04.2026,C030,P1012,33,42.9,eur
O50869,2026-04-18,C034,P1013,22,5.96,EUR
O50648,2025-02-28,C029,P1032,1,58.12,EUR
O51170,2025-10-15,C006,P1013,53,5.9,EUR
O50496,2026-01-17,C020,P1022,20,56.5,eur
O50230,2025-02-01,C003,P1029,9,65.4,EUR
O50557,02.05.2025,C007,P1002,26,5.59,EUR
O51184,2026-04-03,C004,P1006,59,52.6,EUR
O50485,2026-08-10,C020,P1031,6,66.02,EUR
O50959,2025-07-24,C019,P1025,36,78.84,EUR
O50955,09.08.2025,C029,P1027,19,10.39,eur
O50441,2026-04-20,C006,P1008,11,11.06,EUR
O50436,17.01.2026,C038,P1006,7,56.96,eur
O50529,2025-06-21,C020,P1003,19,25.15,EUR
O50292,2026-05-30,C019,P1008,24,10.73,EUR
O50363,06.12.2025,C001,P1007,7,70.96,EUR
O50130,23.07.2025,C007,P1031,16,65.87,EUR
O50270,05.05.2026,C012,P1021,30,71.53,EUR
O50975,2025-08-16,C015,P1010,20,5.67,EUR
O50739,08.08.2026,C005,P1014,47,18.78,eur
O50059,2025-12-10,C006,P1035,9,31.57,eur
O50523,2025-05-27,C006,P1012,32,42.26,EUR
O50854,2025-12-18,C030,P1031,33,71.59,EUR
O50780,2025-07-14,C026,P1029,57,68.11,EUR
O50928,2025-06-29,C014,P1036,9,50.78,EUR
O51078,2026-01-13,C028,P1028,6,10.46,EUR
O51137,2026-01-19,C032,P1019,2,70.52,EUR
O50127,04.09.2025,C015,P1010,30,6.18,eur
O50847,28.05.2025,C009,P1028,6,10.64,eur
O51047,15.02.2026,C010,P1017,6,22.6,EUR
O50380,2025-02-24,C032,P1001,9,51.31,eur
O50823,2025-06-25,C040,P1020,58,4.1,eur
O50594,2025-03-15,C030,P1002,46,5.52,EUR
O50423,2026-08-14,C030,P1032,33,59.69,eur
O51035,2026-01-07,C016,P1035,55,33.15,EUR
O50937,2025-07-13,C015,P1002,54,6.08,EUR
O51036,2026-02-07,C006,P1020,60,4.43,EUR
O50898,2026-03-26,C009,P1003,7,26.52,eur
O50575,2025-10-21,C004,P1010,45,6.32,EUR
O53400,2025-07-07,C004,P1003,-4,15.0,EUR
O50221,2025-11-20,C026,P1033,53,46.18,EUR
O50608,22.11.2025,C022,P1029,40,72.16,EUR
O50568,01.06.2026,C039,P1027,59,11.33,EUR
O50271,2026-07-14,C040,P1017,31,19.98,EUR
O50381,30.07.2026,C032,P1027,27,11.36,eur
O50882,12.06.2026,C028,P1031,26,70.91,EUR
O51073,2025-09-19,C026,P1016,6,42.93,EUR
O50177,15.03.2025,C028,P1003,2,25.16,EUR
O50561,2025-12-16,C036,P1019,34,65.96,EUR
O50266,22.02.2025,C034,P1011,41,21.64,eur
O51076,2025-05-15,C024,P1007,33,70.26,eur
O50010,2026-07-22,C001,P1015,5,56.64,EUR
O51175,2025-01-24,C030,P1036,1,50.45,EUR
O50061,2026-03-02,C027,P1014,25,20.6,EUR
O50091,15.02.2026,C037,P1005,41,63.47,EUR
O50370,05.12.2025,C015,P1030,52,50.38,EUR
O50053,2026-03-01,C032,P1025,26,75.68,EUR
,2025-08-08,C005,P1002,2,15.0,EUR
O50852,2025-05-26,C034,P1030,6,51.36,EUR
O50297,2025-04-30,C006,P1032,58,61.18,EUR
O50896,2025-11-26,C038,P1003,12,24.65,EUR
O50117,2025-02-14,C025,P1031,25,72.48,EUR
O50963,2025-01-30,C032,P1018,5,50.84,EUR
O50410,2025-09-12,C020,P1002,14,5.69,EUR
O50579,2026-07-20,C017,P1001,13,55.03,eur
O51157,05.08.2026,C006,P1029,55,71.89,EUR
O50885,2026-01-10,C030,P1006,49,59.37,EUR
O50934,2025-03-20,C018,P1011,8,21.55,eur
O50857,2025-10-26,C032,P1019,6,63.26,EUR
O51183,2025-12-08,C039,P1005,40,60.99,EUR
O50528,2025-09-12,C020,P1023,9,28.49,EUR
O51139,2025-01-03,C023,P1036,5,49.93,eur
O52382,2025-06-06,C003,P9999,3,9.9,EUR
O50870,2025-11-17,C005,P1001,1,53.2,EUR
O50909,2026-03-06,C015,P1021,50,62.81,EUR
O50139,2026-04-11,C038,P1017,25,22.13,EUR
O50532,2025-01-23,C024,P1008,46,10.79,EUR
O50289,2026-05-04,C001,P1016,17,45.67,eur
O50874,2025-07-08,C030,P1019,43,72.1,eur
O50883,2026-07-08,C025,P1001,45,56.76,eur
O50284,19.10.2025,C034,P1035,32,35.58,EUR
O51012,2025-07-30,C033,P1032,52,63.7,EUR
O51181,29.01.2025,C002,P1028,38,11.85,EUR
O50986,2026-05-23,C036,P1019,47,62.32,EUR
O50749,2026-08-13,C027,P1008,28,10.31,EUR
O50265,23.04.2025,C002,P1020,39,4.19,EUR
O50107,2026-02-18,C030,P1035,27,31.05,EUR
O50772,2025-08-26,C023,P1002,6,5.84,eur
O50654,2026-08-12,C012,P1017,27,21.06,EUR
O50866,2025-01-13,C025,P1029,44,68.23,EUR
O50278,2025-08-27,C027,P1007,22,76.46,EUR
O50646,29.05.2025,C006,P1028,5,10.87,EUR
O50336,2025-01-10,C032,P1006,55,56.3,EUR
O50665,2026-05-09,C032,P1021,58,72.33,EUR
O50298,2026-04-10,C027,P1033,30,46.34,eur
O50526,18.02.2026,C025,P1031,1,62.13,EUR
O50089,2026-05-18,C037,P1001,19,53.71,eur
O50135,2025-10-30,C012,P1027,13,10.33,EUR
O50491,26.04.2025,C010,P1010,37,6.13,EUR
O50617,2025-09-02,C009,P1033,29,43.33,EUR
O50954,2025-10-19,C020,P1023,29,32.3,EUR
O50704,2025-03-24,C018,P1004,50,20.88,eur
O50360,10.03.2026,C029,P1005,39,61.4,eur
O51027,2025-11-18,C027,P1005,58,60.24,EUR
O51491,2025-05-05,,P1005,5,12.5,EUR
O50323,2026-02-28,C010,P1015,2,52.67,eur
O51003,23.04.2025,C035,P1036,37,46.87,EUR
O50919,2026-03-04,C031,P1003,47,26.43,EUR
O50910,2025-04-11,C013,P1027,25,11.69,EUR
O50946,2025-11-24,C035,P1001,33,52.5,EUR
O50592,2025-07-17,C006,P1033,7,43.39,EUR
O50269,29.05.2026,C009,P1004,34,20.24,EUR
O51118,06.03.2026,C020,P1036,47,48.95,EUR
O50549,06.08.2026,C040,P1012,25,45.4,EUR
O50950,2025-04-05,C039,P1004,42,20.2,EUR
O50851,05.08.2026,C008,P1024,38,15.88,EUR
O50061,2026-03-02,C027,P1014,25,20.6,EUR
O52547,2025-06-06,C003,P9999,3,9.9,EUR
O50508,2025-09-16,C028,P1018,58,49.03,EUR
O50747,19.05.2025,C013,P1036,32,46.3,EUR
O50414,2025-03-16,C001,P1005,17,58.77,EUR
O50641,25.09.2025,C040,P1024,18,17.2,eur
O51040,2026-07-15,C002,P1030,49,47.45,EUR
O50997,03.07.2025,C010,P1021,20,68.38,EUR
O51066,2025-07-04,C018,P1033,37,48.77,EUR
O50362,2025-04-22,C011,P1023,42,31.01,eur
O50084,2026-04-30,C036,P1028,22,11.03,eur
O50026,10.01.2025,C005,P1007,35,70.42,EUR
O50471,20.06.2025,C025,P1032,23,61.53,EUR
O50942,2025-06-15,C003,P1008,21,10.66,eur
O50260,2025-05-02,C026,P1007,24,77.38,EUR
O51125,2025-09-23,C004,P1008,49,10.79,EUR
O50559,2025-12-16,C015,P1004,55,21.09,eur
O50545,2025-12-03,C040,P1029,18,74.65,EUR
O50748,2026-07-29,C005,P1016,18,48.64,EUR
O50154,2026-05-31,C034,P1003,20,25.15,EUR
O51084,27.04.2025,C012,P1012,54,42.68,EUR
O50241,23.06.2026,C037,P1027,5,10.32,EUR
O50538,2026-05-25,C017,P1013,54,5.81,EUR
O51093,01.04.2026,C002,P1031,56,66.61,EUR
O51196,2026-03-09,C013,P1013,41,6.17,EUR
O51151,2025-06-23,C012,P1021,2,69.37,EUR
O50663,2025-07-31,C016,P1013,54,5.9,EUR
O50424,2026-08-04,C011,P1024,17,16.63,EUR
O51379,2025-05-05,,P1005,5,12.5,EUR
O50216,04.02.2026,C025,P1003,24,24.31,EUR
O50834,2026-07-16,C025,P1031,5,65.43,eur
O50204,23.02.2025,C036,P1024,60,14.9,EUR
O51018,2026-07-15,C034,P1002,56,5.38,eur
O50307,02.02.2025,C016,P1002,14,5.27,EUR
O50119,2026-03-27,C030,P1034,1,83.1,eur
O51030,04.12.2025,C028,P1016,14,43.86,EUR
O51049,2026-05-22,C014,P1015,13,58.76,EUR
O53380,2025-07-07,C004,P1003,-4,15.0,EUR
O50153,07.03.2025,C024,P1029,33,71.41,eur
O50976,22.03.2025,C005,P1008,2,11.01,eur
O50126,2026-08-03,C012,P1011,6,21.26,eur
O50062,13.08.2026,C001,P1031,23,64.97,eur
O50994,2026-02-14,C039,P1031,26,72.47,EUR
O50484,2025-08-21,C034,P1025,27,84.92,eur
O50757,24.02.2025,C005,P1001,25,55.38,EUR
O51129,2026-04-11,C028,P1010,54,5.95,EUR
O50104,05.07.2025,C006,P1032,31,59.57,EUR
O50301,12.03.2025,C019,P1003,27,24.01,EUR
O50835,2026-03-22,C016,P1035,12,34.35,EUR
O50530,2026-03-21,C032,P1022,23,60.97,EUR
O50957,09.03.2025,C001,P1006,27,58.19,EUR
O51403,2025-05-05,,P1005,5,12.5,EUR
O50233,2025-11-18,C008,P1016,2,48.32,eur
O50943,2025-09-24,C014,P1012,36,44.9,EUR
O50609,2026-08-03,C028,P1021,11,61.67,EUR
O51134,2025-05-13,C030,P1014,31,17.87,EUR
O50328,07.01.2025,C015,P1009,5,38.11,EUR
O51062,04.06.2025,C013,P1004,10,19.71,EUR
O50542,2025-09-20,C019,P1030,17,50.87,EUR
O50912,02.07.2025,C009,P1024,30,16.5,EUR
O50540,2026-05-08,C001,P1016,1,47.84,EUR
O50292,2026-05-30,C019,P1008,24,10.73,EUR
O50680,2026-04-03,C040,P1025,19,78.49,EUR
O50733,16.01.2026,C021,P1028,39,10.83,EUR
O51100,2026-04-25,C025,P1019,27,70.98,EUR
O51147,2025-03-28,C038,P1026,3,30.12,EUR
,2025-08-08,C005,P1002,2,15.0,EUR
O50349,29.11.2025,C019,P1001,27,52.99,EUR
O51174,2025-05-11,C034,P1015,47,57.31,EUR
O50186,2025-11-07,C023,P1004,33,19.78,eur
O50093,20.08.2025,C029,P1029,20,74.45,eur
O50003,2026-05-28,C007,P1033,56,46.79,EUR
O51067,2026-08-21,C037,P1034,12,79.12,EUR
O50303,2026-01-20,C009,P1035,42,35.42,EUR
O51140,2026-05-08,C022,P1029,51,68.94,EUR
O50699,2025-03-12,C019,P1009,8,37.69,eur
O50593,2025-03-09,C028,P1014,54,18.09,eur
O50717,28.11.2025,C039,P1018,59,52.96,EUR
O50038,2026-02-26,C011,P1018,51,51.67,eur
O50273,2026-05-16,C023,P1031,36,71.89,EUR
O51055,2025-04-08,C022,P1004,60,20.33,EUR
O50225,26.03.2025,C028,P1006,39,61.47,EUR
O50287,2026-08-05,C040,P1012,55,44.42,eur
O50558,2025-04-04,C036,P1033,14,47.01,eur
O50148,2025-02-21,C009,P1016,51,47.03,EUR
O50565,07.05.2025,C038,P1030,33,48.14,eur
O50724,08.08.2026,C034,P1032,40,63.07,EUR
O50881,2026-02-04,C022,P1010,58,5.93,EUR
O50078,2025-11-27,C018,P1006,57,56.45,eur
O50855,2026-03-08,C019,P1019,11,62.27,EUR
O50947,2026-05-01,C037,P1010,47,6.44,eur
O50629,14.06.2026,C019,P1002,6,5.41,eur
O50312,14.03.2026,C023,P1004,42,21.84,EUR
O50798,04.12.2025,C014,P1034,45,76.42,EUR
O50569,08.10.2025,C019,P1022,29,61.49,EUR
O50397,2026-07-15,C022,P1032,58,62.89,EUR
O51025,2025-07-26,C009,P1018,2,48.07,EUR
O50678,2025-12-19,C008,P1027,23,11.64,EUR
O50566,2025-01-05,C028,P1036,54,47.75,EUR
O50355,2025-11-04,C031,P1013,21,5.49,eur
O50638,18.10.2025,C013,P1017,1,21.75,EUR
O50606,2025-03-10,C013,P1007,47,74.82,EUR
O50984,2026-03-27,C023,P1012,25,42.9,EUR
O50440,2026-02-21,C023,P1035,50,31.88,EUR
O51075,2025-05-04,C028,P1032,48,64.11,EUR
O50577,29.07.2026,C033,P1016,51,48.79,EUR
O50382,2026-05-16,C037,P1006,2,59.64,EUR
O50136,2026-06-28,C017,P1011,59,21.99,eur
O50723,2025-07-02,C007,P1013,32,5.5,EUR
O50404,2026-03-09,C005,P1031,15,65.89,EUR
O50895,27.07.2025,C026,P1022,21,54.99,EUR
O50482,2026-04-02,C029,P1017,30,20.23,EUR
O50090,2025-12-15,C017,P1004,56,21.17,EUR
O50122,2026-07-09,C016,P1005,41,63.45,EUR
O51162,2025-11-04,C008,P1026,54,28.4,EUR
O51026,2026-07-18,C032,P1003,51,23.35,EUR
O50354,2026-02-10,C022,P1025,29,76.84,EUR
O50248,04.08.2025,C032,P1002,57,5.79,EUR
O50999,2026-06-01,C022,P1035,52,35.42,EUR
O50006,2025-09-03,C037,P1016,6,43.42,eur
O50477,2025-10-16,C007,P1016,4,45.74,eur
O52451,2025-06-06,C003,P9999,3,9.9,EUR
O50992,2025-03-08,C022,P1013,13,5.88,eur
O50917,2026-04-19,C028,P1001,48,57.23,EUR
O50209,2025-05-30,C019,P1003,59,26.68,EUR
O50077,2026-06-19,C031,P1035,30,33.12,EUR
O50101,28.05.2026,C006,P1029,39,65.09,eur
O50290,2025-10-01,C038,P1020,47,4.26,EUR
O50347,2026-04-01,C007,P1018,9,46.68,eur
O50376,2025-11-01,C021,P1009,8,35.31,EUR
O50893,2025-11-11,C040,P1030,11,53.95,EUR
O51046,02.04.2025,C017,P1013,45,6.12,EUR
O50833,30.06.2026,C038,P1026,27,28.89,EUR
O50237,2025-12-22,C035,P1036,19,50.09,EUR
O50027,2025-05-16,C016,P1005,24,59.46,eur
O50116,2026-04-12,C016,P1013,37,5.68,eur
O51158,2025-05-26,C011,P1035,51,32.08,eur
O50913,2025-10-04,C009,P1022,3,60.42,EUR
O50783,07.02.2026,C029,P1021,2,63.56,EUR
O50495,09.02.2025,C016,P1022,4,60.92,EUR
O51004,2026-06-03,C017,P1026,32,30.61,eur
O50150,2025-10-11,C035,P1009,17,38.66,EUR
O50745,2025-06-01,C006,P1022,31,59.27,EUR
O50787,2025-12-10,C010,P1011,12,21.8,EUR
O50466,2025-07-01,C037,P1026,3,28.61,EUR
O50701,2025-07-10,C018,P1019,9,69.69,EUR
O50771,2025-05-15,C040,P1002,40,5.46,EUR
O50521,2026-06-27,C004,P1027,56,11.62,EUR
O50631,2026-06-08,C022,P1011,60,20.73,EUR
O50500,03.06.2026,C034,P1009,57,37.28,EUR
O51109,2025-07-30,C019,P1011,46,20.69,eur
O50843,2025-01-01,C019,P1008,56,9.73,eur
O50146,2025-04-12,C023,P1035,4,32.91,EUR
O50076,19.04.2025,C030,P1024,46,15.03,EUR
O50418,14.11.2025,C004,P1016,16,43.42,eur
O50810,2025-03-09,C002,P1018,22,53.96,EUR
O51092,01.06.2025,C002,P1028,8,10.69,EUR
O50779,16.06.2026,C036,P1003,25,25.39,EUR
O50897,2025-10-08,C011,P1027,45,10.76,EUR
O50804,2025-01-12,C017,P1019,51,62.62,EUR
O50236,2026-04-08,C006,P1029,52,72.41,EUR
O50527,2026-01-18,C034,P1021,13,61.81,EUR
O50461,2025-05-14,C021,P1012,4,40.07,EUR
O50756,2025-09-19,C019,P1004,13,22.24,EUR
O50595,2025-03-17,C017,P1012,36,40.41,EUR
O50114,2025-12-15,C019,P1001,47,52.21,eur
O50840,2025-07-20,C020,P1021,37,70.25,EUR
O50797,2026-07-18,C031,P1019,9,63.21,EUR
O50187,2026-04-08,C024,P1004,54,20.51,EUR
O50164,2026-08-15,C031,P1010,15,6.38,EUR
O50217,2026-01-01,C016,P1023,47,31.23,EUR
O50571,2025-07-25,C023,P1019,59,69.22,EUR
O50741,2025-03-22,C023,P1022,57,61.6,eur
O50275,2025-05-30,C019,P1003,46,23.6,eur
O50630,2026-05-09,C027,P1015,39,51.62,EUR
O50616,18.05.2025,C033,P1033,6,45.09,EUR
O50001,2025-01-12,C018,P1035,50,34.23,EUR
O50996,2025-05-18,C004,P1007,54,68.68,EUR
O51054,2026-02-12,C028,P1025,48,80.2,EUR
O51163,2026-03-19,C021,P1033,57,47.22,EUR
O50509,2026-04-16,C030,P1014,20,19.89,eur
O50454,2025-12-19,C018,P1025,12,72.89,EUR
O50294,02.03.2026,C014,P1035,49,32.1,EUR
O50794,2025-12-06,C007,P1004,27,22.95,EUR
O50396,2026-03-16,C018,P1032,21,64.33,EUR
O51090,2025-07-15,C013,P1002,55,5.24,eur
O51110,2025-04-12,C022,P1024,53,14.99,EUR
O51194,31.05.2025,C039,P1020,22,4.07,EUR
O50058,2025-09-02,C005,P1029,46,67.89,EUR
O50373,2025-03-06,C012,P1035,24,32.52,eur
O50149,2026-07-22,C015,P1014,22,20.19,EUR
O50402,2026-03-16,C001,P1007,14,73.57,EUR
O50489,31.03.2025,C026,P1036,36,45.77,EUR
O50329,12.08.2025,C004,P1024,40,16.28,eur
O50921,2026-07-26,C014,P1027,9,10.74,EUR
O50752,2025-03-29,C016,P1004,40,22.72,EUR
O50288,2026-03-14,C026,P1006,43,53.17,EUR
O50196,27.07.2026,C009,P1022,43,60.52,EUR
O50949,2025-11-12,C040,P1026,54,28.8,EUR
O51199,2026-05-23,C015,P1001,45,51.61,EUR
O50034,2026-07-13,C038,P1024,36,15.02,EUR
O50610,15.08.2025,C024,P1018,9,51.49,EUR
O50969,2025-11-20,C024,P1018,7,50.31,EUR
O50115,02.06.2025,C031,P1035,23,32.56,eur
O50171,2025-03-25,C028,P1029,32,71.56,eur
O50047,2026-02-17,C009,P1036,13,46.49,eur
O50252,2025-11-23,C008,P1030,18,50.75,EUR
O50690,03.05.2026,C018,P1035,36,33.17,EUR
O50274,2025-10-22,C025,P1035,58,36.07,EUR
O50725,2025-02-20,C039,P1015,46,50.98,EUR
O51150,2025-05-28,C006,P1017,10,20.38,eur
O50375,2026-02-06,C023,P1023,55,30.24,EUR
O50132,2025-01-09,C019,P1032,50,64.04,EUR
O50113,2026-01-28,C009,P1033,56,42.66,eur
O50888,2025-07-17,C032,P1016,25,43.25,EUR
O50800,2026-03-14,C034,P1017,37,22.72,EUR
O50168,2025-03-13,C006,P1002,48,5.7,eur
O50543,2025-06-28,C024,P1019,52,69.27,eur
O50802,2025-10-25,C008,P1001,2,53.67,EUR
O50920,12.03.2026,C007,P1031,29,67.11,EUR
O51191,2026-06-06,C027,P1023,31,31.56,eur
O50790,25.05.2026,C001,P1035,39,35.54,EUR
O50374,2025-04-27,C034,P1032,41,59.23,eur
O50088,2026-07-01,C003,P1018,4,50.47,EUR
O50451,2025-02-05,C032,P1019,27,71.52,eur
O50915,2025-08-14,C040,P1011,58,19.77,EUR
O50776,26.03.2026,C030,P1021,57,64.3,eur
O50277,2025-05-21,C016,P1016,4,47.83,EUR
O50824,2025-02-21,C031,P1002,58,5.83,EUR
O50247,2025-06-25,C002,P1003,6,23.46,EUR
O50564,09.08.2025,C022,P1013,7,6.03,EUR
O50229,18.03.2025,C033,P1024,52,16.57,EUR
O50087,2025-04-13,C015,P1019,24,63.84,EUR
O50240,2026-07-19,C005,P1006,20,55.97,eur
O50930,2025-08-19,C018,P1023,33,31.34,EUR
O50464,24.03.2026,C012,P1021,46,72.15,EUR
O50155,04.03.2025,C028,P1026,44,28.25,eur
O50754,2025-08-03,C035,P1014,34,20.12,eur
O50634,2026-06-29,C031,P1006,43,53.49,EUR
O50987,2026-05-21,C019,P1025,30,80.24,EUR
O50805,2026-06-03,C008,P1001,44,52.51,eur
O50537,2026-03-05,C040,P1033,8,44.25,EUR
O51106,2026-05-14,C023,P1022,50,54.28,EUR
O50480,2026-04-30,C026,P1020,31,4.2,EUR
O50596,22.09.2025,C029,P1025,41,77.73,EUR
O50365,2025-12-20,C007,P1031,19,66.25,EUR
O50977,2025-02-13,C003,P1007,51,75.77,EUR
O50581,29.10.2025,C005,P1012,12,46.7,EUR
O50875,11.10.2025,C017,P1021,11,70.11,EUR
O50983,2025-04-12,C031,P1033,24,47.34,EUR
O50906,2026-01-08,C028,P1014,17,18.81,eur
O50788,2026-03-06,C029,P1020,19,4.3,EUR
O50850,2025-08-31,C035,P1027,37,10.75,EUR
O51178,12.10.2025,C029,P1035,21,30.78,EUR
O50643,2025-09-17,C026,P1023,48,28.66,EUR
O50179,2025-11-29,C024,P1030,6,50.65,EUR
O50042,2025-01-29,C012,P1017,38,22.61,EUR
O50737,2026-07-21,C003,P1007,30,72.12,EUR
O50379,2026-07-23,C019,P1032,9,57.98,eur
O50923,11.04.2026,C026,P1009,12,38.6,EUR
O50514,2025-10-30,C026,P1027,25,11.41,EUR
O50948,2025-12-13,C003,P1031,9,69.1,EUR
O50547,06.10.2025,C027,P1031,42,71.37,EUR
O50669,2025-01-13,C038,P1025,7,76.72,EUR
O50348,05.04.2026,C002,P1007,6,72.1,EUR
O50572,2026-05-31,C023,P1008,36,10.5,eur
O50377,2025-07-07,C033,P1010,25,5.96,EUR
O50024,2026-03-06,C014,P1017,43,21.77,EUR
O51021,2025-06-04,C027,P1028,21,11.96,EUR
O50325,2026-05-27,C032,P1017,47,21.52,eur
O50009,14.06.2026,C016,P1008,15,9.79,EUR
O50165,2026-07-24,C018,P1008,37,10.07,eur
O50327,2025-07-08,C003,P1034,54,84.72,EUR
O54063,2025-07-07,C004,P1003,-4,15.0,EUR
O50097,2026-04-10,C017,P1015,51,57.39,EUR
O50339,2025-07-03,C014,P1002,38,5.34,eur
O51013,2025-06-20,C028,P1024,13,15.92,EUR
O51159,23.07.2026,C001,P1003,53,25.18,EUR
O50691,13.04.2026,C035,P1034,20,85.53,eur
O50338,2025-10-05,C018,P1005,58,62.03,EUR
O50890,2026-02-20,C034,P1014,30,20.71,EUR
O50708,2025-06-12,C034,P1036,8,45.22,EUR
O50232,16.01.2026,C037,P1005,9,61.9,eur
O50189,2026-04-06,C039,P1021,31,67.07,EUR
O50399,28.03.2026,C028,P1001,13,58.31,EUR
O50458,2026-01-03,C037,P1023,37,28.68,EUR
O50359,23.02.2026,C020,P1009,16,35.39,EUR
O50865,24.01.2026,C017,P1031,10,67.5,eur
O50272,2025-10-13,C020,P1015,50,52.92,EUR
O50063,2026-03-06,C015,P1032,18,60.44,EUR
O50446,2025-05-14,C024,P1026,44,30.8,EUR
O50588,2025-10-28,C031,P1034,36,84.42,EUR
O50618,2026-05-11,C015,P1003,49,25.28,EUR
O50372,06.04.2026,C001,P1025,46,75.31,EUR
O50206,2026-03-24,C029,P1015,57,53.46,EUR
O50358,2026-07-18,C014,P1030,29,53.64,EUR
O50234,15.06.2026,C008,P1036,17,49.2,eur
O50968,2026-06-11,C007,P1012,39,45.22,EUR
O50488,2025-07-26,C021,P1017,59,21.81,EUR
O50413,01.02.2026,C035,P1024,44,15.08,eur
O50981,2026-05-28,C037,P1033,5,42.88,EUR
O50839,2025-05-31,C035,P1029,19,69.08,eur
O50030,2025-10-06,C022,P1014,14,19.92,EUR
O50313,03.03.2026,C020,P1010,25,5.73,eur
O51083,07.04.2025,C023,P1017,17,21.33,EUR
O50807,2026-05-01,C031,P1009,10,37.63,EUR
O50456,2025-06-13,C016,P1016,18,46.8,EUR
O50185,2026-08-02,C010,P1021,29,62.36,eur
O50123,2025-08-21,C007,P1028,49,11.55,EUR
O50598,2026-08-23,C023,P1005,60,61.63,EUR
O50931,2025-02-25,C023,P1024,29,15.89,EUR
O50762,2025-11-06,C018,P1033,52,42.6,EUR
O50350,2026-07-27,C011,P1034,44,78.66,EUR
O50190,2026-04-07,C006,P1022,33,59.98,EUR
O50706,30.01.2026,C003,P1016,13,46.25,EUR
O50220,2025-02-07,C003,P1013,51,5.51,EUR
O51105,2025-03-07,C008,P1028,40,10.8,EUR
O50649,2025-07-19,C034,P1033,45,43.87,EUR
O50902,04.07.2025,C020,P1006,23,56.16,EUR
O50821,2025-04-28,C033,P1036,7,44.86,EUR
O50601,2025-05-28,C001,P1024,36,16.9,EUR
O50459,2026-05-20,C032,P1012,3,40.55,EUR
O50463,2026-08-24,C020,P1022,21,55.14,EUR
O50267,2025-06-01,C037,P1003,45,23.72,EUR
O50750,2025-11-25,C020,P1002,11,6.12,eur
O50193,2025-12-09,C007,P1022,36,60.28,EUR
O50988,2026-03-31,C027,P1036,19,50.81,eur
O50406,2025-05-27,C037,P1034,1,81.64,EUR
O50554,2025-06-19,C021,P1032,16,59.4,EUR
O50498,03.10.2025,C013,P1006,29,54.24,eur
O51099,2026-04-26,C015,P1029,33,67.14,EUR
O50825,2026-01-28,C028,P1006,26,53.94,eur
O51038,2025-02-04,C032,P1006,31,59.09,EUR
O51015,2025-08-20,C038,P1007,22,71.14,eur
O50837,2026-04-01,C026,P1020,5,4.28,eur
O50004,2025-06-06,C035,P1011,50,22.32,EUR
O50599,2025-11-05,C029,P1019,25,66.19,EUR
O50733,16.01.2026,C021,P1028,39,10.83,EUR
O50032,2025-02-15,C009,P1022,41,63.15,EUR
O51044,2025-06-27,C013,P1019,6,66.41,EUR
O50052,2025-02-17,C040,P1031,55,70.09,eur
O51132,22.08.2026,C029,P1028,45,12.09,eur
O50345,2025-03-29,C005,P1016,6,44.79,eur
O51142,02.04.2025,C015,P1025,58,77.62,EUR
O50808,19.04.2026,C034,P1004,20,21.47,EUR
O50121,2025-03-24,C025,P1035,21,34.15,eur
O50300,2026-08-16,C028,P1003,23,26.15,EUR
O50769,2025-07-08,C002,P1010,49,5.86,eur
O50743,2025-11-23,C033,P1021,45,64.02,EUR
O50033,29.03.2026,C001,P1036,8,43.86,EUR
O50142,2025-02-16,C032,P1020,8,3.93,EUR
O50064,2026-02-03,C011,P1026,54,30.0,EUR
O50541,11.08.2026,C006,P1010,50,6.05,EUR
O50044,2026-06-08,C037,P1025,13,75.82,eur
O50552,2025-12-13,C016,P1028,31,11.02,eur
O50090,2025-12-15,C017,P1004,56,21.17,EUR
O50611,07.05.2026,C023,P1029,50,68.12,EUR
O50685,2025-08-29,C014,P1006,11,55.96,EUR
O50445,2025-05-24,C004,P1001,54,56.43,EUR
O50671,2026-01-10,C028,P1032,14,60.28,EUR
O50320,2025-09-06,C016,P1026,36,29.29,EUR
O50965,2026-01-18,C011,P1017,38,19.53,EUR
O50321,25.01.2026,C023,P1035,20,32.17,eur
O51144,2026-07-29,C006,P1036,13,50.58,EUR
O51122,2026-02-04,C035,P1034,19,76.48,EUR
O50570,2026-02-27,C021,P1036,46,48.91,EUR
O51138,2026-03-08,C019,P1020,14,3.99,eur
O51023,2026-02-20,C010,P1008,13,9.73,EUR
O51192,2025-07-10,C003,P1009,4,34.64,eur
O51425,2025-05-05,,P1005,5,12.5,EUR
O50584,2025-02-10,C039,P1021,4,70.03,EUR
O50505,2025-10-19,C004,P1025,11,83.49,EUR
O50586,2026-06-18,C011,P1033,27,46.18,eur
O50031,02.06.2026,C004,P1017,6,21.49,EUR
O51085,2026-03-03,C038,P1021,47,66.56,eur
O50510,2026-08-22,C033,P1001,43,58.06,EUR
O51167,2026-02-07,C035,P1005,2,65.53,eur
O50417,2025-06-09,C038,P1026,41,31.45,EUR
O51156,2025-10-03,C036,P1016,42,48.7,EUR
O50231,06.01.2026,C039,P1003,10,26.06,EUR
O50057,2026-04-06,C018,P1016,50,48.64,eur
O50486,2026-05-30,C029,P1008,12,11.3,EUR
O51056,2025-02-16,C033,P1017,40,20.63,eur
O50746,16.07.2026,C006,P1017,26,21.04,EUR
O50961,2025-01-03,C020,P1017,41,22.17,eur
O50102,2025-11-27,C006,P1002,15,6.09,EUR
O51145,2026-08-07,C033,P1031,58,61.92,EUR
O50361,02.07.2026,C003,P1035,51,36.01,EUR
O50096,07.04.2026,C003,P1019,15,65.03,EUR
O50192,2026-01-17,C027,P1025,50,76.89,EUR
O50636,09.05.2026,C038,P1023,52,31.64,EUR
O50860,2026-01-14,C016,P1017,32,19.95,EUR
O50442,2025-02-11,C010,P1021,6,69.35,EUR
O50826,2025-12-31,C013,P1022,46,61.04,EUR
O50427,2025-08-18,C027,P1016,59,48.21,EUR
O50428,2025-03-21,C033,P1008,44,11.22,EUR
O50693,2025-06-09,C001,P1001,34,56.73,EUR
O50100,2026-03-26,C020,P1030,45,50.36,EUR
O50002,28.10.2025,C030,P1011,1,22.42,EUR
O50585,2026-05-18,C021,P1005,34,58.81,EUR
O50849,2026-01-29,C012,P1015,28,55.73,eur
O50661,2025-03-19,C021,P1031,23,64.1,EUR
O50533,2026-01-20,C040,P1035,4,33.98,EUR
O51136,2026-01-14,C034,P1003,10,23.76,EUR
O50215,2026-06-21,C034,P1005,35,61.68,EUR
O51161,2025-12-26,C019,P1033,3,43.34,EUR
O50989,2025-07-13,C024,P1031,12,61.86,eur
O50353,10.09.2025,C030,P1013,7,5.45,EUR
O50112,2026-06-06,C031,P1027,31,10.53,EUR
O50092,2025-06-02,C016,P1006,8,57.44,eur
O50918,02.12.2025,C038,P1015,10,58.47,EUR
O51107,2025-06-04,C029,P1004,52,21.1,EUR
O50719,2026-04-10,C025,P1033,47,43.52,EUR
O50587,2025-04-05,C014,P1015,43,53.3,EUR
O50310,2026-08-15,C020,P1016,57,43.85,EUR
O51102,2025-05-13,C011,P1013,39,5.78,eur
O50612,2025-06-29,C009,P1018,58,50.35,EUR
O50170,2026-08-05,C010,P1004,11,22.12,EUR
O50434,2025-11-11,C034,P1014,16,19.08,EUR
O50194,2025-09-16,C006,P1022,38,60.14,EUR
O50531,2026-02-18,C015,P1015,47,59.11,EUR
O50083,2025-10-29,C016,P1026,20,30.97,EUR
O50722,2025-11-26,C034,P1007,43,68.66,EUR
O50580,2025-08-19,C039,P1035,13,34.97,EUR
O51200,02.09.2025,C025,P1022,14,57.64,EUR
O50120,2025-06-08,C017,P1031,22,68.51,eur
O50765,2026-03-04,C028,P1010,20,6.44,EUR
O50861,2025-12-18,C039,P1010,60,6.36,eur
O50254,2025-06-13,C013,P1021,49,63.35,eur
O50261,2026-07-26,C013,P1010,39,6.05,EUR
O50151,2025-01-27,C023,P1001,51,56.5,EUR
O51098,22.12.2025,C002,P1028,11,10.91,EUR
O52107,2025-05-05,,P1005,5,12.5,EUR
O50152,2025-01-17,C004,P1017,9,21.86,EUR
O50803,01.08.2025,C003,P1027,22,10.72,EUR
O50371,10.07.2025,C002,P1026,48,30.72,EUR
O50836,11.08.2026,C038,P1008,39,10.47,EUR
O51020,2026-08-03,C013,P1034,24,79.72,EUR
O50759,20.11.2025,C006,P1035,12,31.83,eur
O50982,2026-06-26,C019,P1013,11,6.17,EUR
O50637,2026-03-12,C031,P1017,50,20.12,EUR
O50573,2026-07-01,C001,P1028,34,10.58,eur
O50060,2025-06-06,C027,P1005,27,59.92,eur
O51180,2025-09-13,C022,P1011,20,19.41,EUR
O50738,2025-09-29,C015,P1016,17,48.89,EUR
O51164,25.09.2025,C016,P1018,43,53.95,EUR
O50357,15.10.2025,C008,P1024,60,16.09,EUR
O50262,2025-02-16,C022,P1009,52,36.71,eur
O50447,2026-08-20,C002,P1005,5,58.59,eur
O50199,2025-04-14,C040,P1022,9,59.51,EUR
O51200,02.09.2025,C025,P1022,14,57.64,EUR
O50395,06.04.2025,C005,P1023,51,30.62,EUR
O50709,2025-07-23,C014,P1004,8,20.34,eur
O50040,2025-11-09,C002,P1015,43,52.07,EUR
O51059,2025-05-26,C021,P1008,3,11.35,eur
O50073,2026-02-11,C038,P1005,45,64.91,EUR
O50820,2026-06-30,C008,P1029,18,66.34,EUR
O50502,2025-07-23,C030,P1024,33,15.66,EUR
O50944,2025-12-19,C029,P1024,35,17.16,EUR
O51193,2026-06-10,C038,P1020,57,4.24,EUR
O50778,2026-06-18,C030,P1029,53,74.65,EUR
O50789,2025-05-15,C040,P1001,49,51.81,eur
O50415,2026-02-12,C027,P1033,28,47.36,EUR
O50659,2026-02-27,C035,P1034,1,82.82,EUR
O50700,06.10.2025,C021,P1013,2,5.46,EUR
O51115,31.01.2025,C001,P1010,46,6.34,EUR
O50713,2025-03-03,C035,P1010,51,5.66,eur
O50816,2025-12-02,C034,P1007,44,79.75,EUR
O50846,2026-03-04,C009,P1019,9,62.01,EUR
O50159,2026-02-28,C026,P1030,27,53.08,EUR
O50201,2026-03-31,C015,P1029,35,67.36,eur
O51172,2025-01-08,C008,P1026,56,29.08,eur
O51086,2025-09-29,C014,P1012,12,40.47,EUR
O50342,2026-05-28,C007,P1004,28,20.32,EUR
O50074,2025-04-15,C037,P1008,51,9.75,eur
O51169,08.05.2025,C013,P1024,29,14.66,EUR
O51141,22.05.2025,C029,P1029,10,74.52,EUR
O50735,2025-02-05,C034,P1002,9,6.12,EUR
O50291,2026-01-04,C008,P1004,30,20.58,eur
O50596,22.09.2025,C029,P1025,41,77.73,EUR
O50314,2025-09-04,C010,P1020,52,4.18,EUR
O50475,2026-05-10,C011,P1028,39,12.02,EUR
O50390,2025-11-28,C037,P1019,18,72.28,EUR
O50264,11.12.2025,C031,P1020,53,3.88,EUR
O50867,2025-04-10,C040,P1028,59,11.58,EUR
O50916,30.03.2025,C032,P1034,56,86.65,eur
O50157,2026-08-23,C039,P1025,34,76.33,eur
O50927,24.04.2025,C030,P1024,40,14.74,EUR
O50308,2026-04-03,C003,P1016,26,46.09,EUR
O50086,2025-05-03,C014,P1013,48,5.78,EUR
O50438,2026-02-07,C029,P1021,18,64.16,EUR
O50667,25.02.2025,C035,P1031,3,67.19,eur
O50021,2025-03-01,C004,P1021,4,67.97,EUR
O50726,2026-05-19,C004,P1030,24,51.65,eur
O50160,2026-03-14,C024,P1017,10,21.67,eur
O50444,19.02.2026,C036,P1036,16,44.01,EUR
O50518,2025-08-16,C020,P1015,27,57.36,EUR
O50433,2026-07-09,C022,P1001,1,56.24,eur
O51000,02.02.2025,C025,P1008,29,10.22,eur
O50864,21.06.2025,C031,P1026,20,30.05,EUR
O50814,2026-01-19,C006,P1013,29,5.8,eur
O50813,16.01.2026,C014,P1020,34,4.07,EUR
O50744,07.02.2026,C006,P1033,15,45.36,eur
O50369,2025-12-18,C016,P1011,34,19.78,EUR
O50703,16.11.2025,C030,P1024,45,16.68,EUR
O50493,28.09.2025,C037,P1032,39,60.81,EUR
O50279,2025-05-21,C011,P1036,27,48.27,eur
O50908,2026-05-12,C016,P1005,47,61.05,EUR
O50720,2026-01-08,C005,P1021,43,72.13,eur
O50591,2025-01-26,C033,P1033,29,45.76,EUR
O50293,17.05.2025,C030,P1010,48,6.52,EUR
O50311,2026-02-28,C004,P1018,36,53.67,EUR
O50876,05.03.2025,C022,P1025,4,75.86,EUR
O50621,2025-04-16,C038,P1017,35,21.27,eur
O50181,2025-12-14,C011,P1022,5,58.69,EUR
O50435,2025-05-26,C003,P1006,59,54.43,eur
O50251,2025-11-17,C026,P1023,9,31.74,EUR
O50203,30.05.2026,C013,P1011,52,21.24,EUR
O50929,2026-07-07,C038,P1031,56,72.16,EUR
O50319,2025-11-07,C013,P1014,48,18.13,eur
O51094,2025-07-26,C004,P1026,22,27.76,eur
O50437,2025-03-18,C009,P1028,16,10.92,EUR
O50081,2026-07-24,C013,P1034,6,76.84,eur
O50520,2026-08-21,C013,P1031,33,63.02,eur
O50242,17.03.2025,C034,P1030,23,48.09,EUR
O50653,2025-12-22,C039,P1015,13,54.39,eur
O51113,2026-01-05,C034,P1010,27,6.32,EUR
O50607,2026-01-01,C007,P1016,19,47.45,EUR
O50770,2026-02-26,C018,P1029,10,73.52,EUR
O50806,2026-08-06,C013,P1012,22,45.79,eur
O50129,2026-03-29,C028,P1020,45,4.04,EUR
O50956,2026-03-01,C010,P1006,14,55.09,EUR
O50145,2025-02-03,C029,P1014,29,20.74,EUR
O51143,2026-03-30,C011,P1006,46,52.52,EUR
O50818,2025-03-31,C003,P1030,7,51.34,EUR
O50198,16.12.2025,C015,P1013,9,5.47,EUR
O50072,2025-06-17,C038,P1007,2,78.99,eur
O50504,2026-08-24,C011,P1023,54,32.4,EUR
O50067,05.08.2025,C022,P1021,49,71.18,EUR
O50007,2025-03-12,C031,P1009,36,34.87,eur
O50645,2026-07-18,C025,P1011,41,19.21,EUR
O50832,2026-02-20,C036,P1021,42,62.39,EUR
O50966,2026-04-18,C011,P1023,4,29.33,eur
O50330,2026-05-15,C035,P1001,36,53.2,EUR
O50682,2025-03-23,C015,P1022,21,56.85,EUR
O50891,2026-08-17,C003,P1005,48,58.02,EUR
O50623,13.06.2026,C023,P1023,32,31.9,EUR
,2025-08-08,C005,P1002,2,15.0,EUR
O50255,2026-05-26,C002,P1032,6,65.49,eur
O50056,30.03.2026,C029,P1036,58,44.5,eur
O50553,2025-06-02,C011,P1001,33,57.03,eur
O51010,2025-10-01,C038,P1031,2,72.45,eur
O50868,2025-12-10,C007,P1018,17,51.29,eur
O52767,2025-06-06,C003,P9999,3,9.9,EUR
O50340,2025-03-20,C037,P1011,16,21.11,eur
O50235,2025-08-08,C013,P1032,8,57.47,EUR
O51103,2026-05-21,C014,P1016,36,43.13,EUR
O51469,2025-05-05,,P1005,5,12.5,EUR
O50664,2025-04-20,C032,P1006,40,52.35,EUR
O51176,27.11.2025,C018,P1027,8,11.31,eur
O50534,2025-04-21,C008,P1004,27,21.06,EUR
O51095,02.03.2026,C019,P1036,3,47.01,eur
O51185,2025-03-08,C029,P1004,4,20.56,eur
O50728,2025-03-21,C007,P1034,7,83.14,eur
O51064,2026-05-22,C023,P1029,46,71.03,eur
O50138,2026-02-11,C026,P1006,1,54.73,EUR
O50980,2025-01-30,C018,P1010,38,5.89,EUR
O50819,2025-01-24,C021,P1014,13,18.37,EUR
O50817,07.02.2025,C034,P1025,8,72.61,EUR
O50244,2025-11-08,C021,P1011,60,21.6,EUR
O50884,2025-05-05,C020,P1022,26,54.36,EUR
O50658,2025-09-22,C015,P1025,44,81.53,EUR
O50210,26.04.2026,C006,P1001,2,51.84,EUR
O51087,19.04.2025,C002,P1035,1,32.9,EUR
O51135,2026-07-27,C039,P1008,55,10.38,EUR
O51171,2025-08-15,C024,P1032,3,58.91,EUR
O50304,02.07.2025,C009,P1034,47,86.43,EUR
O50511,2026-07-29,C007,P1020,31,3.91,EUR
O50809,2026-07-23,C037,P1014,44,18.8,EUR
O50141,2025-08-15,C020,P1030,42,50.41,EUR
O51081,2025-06-02,C016,P1020,34,4.16,EUR
O50082,2026-05-16,C032,P1031,29,70.35,EUR
O50635,18.03.2026,C003,P1024,45,16.01,EUR
O50250,11.06.2025,C031,P1027,30,10.46,EUR
,2025-08-08,C005,P1002,2,15.0,EUR
O51124,2025-09-05,C033,P1028,8,11.73,EUR
O50317,2025-04-05,C018,P1004,25,21.85,EUR
O50853,09.09.2025,C035,P1005,52,62.4,EUR
O50632,24.08.2025,C009,P1025,7,72.77,eur
O50022,2025-02-28,C005,P1012,39,40.39,EUR
O50936,2026-05-01,C029,P1027,48,11.25,EUR
O50014,29.12.2025,C030,P1027,56,11.4,EUR
O50998,20.03.2025,C013,P1030,19,52.52,eur
O50516,2026-06-04,C036,P1011,12,20.19,eur
O50239,31.08.2025,C024,P1002,36,5.74,eur
O50656,2026-07-05,C025,P1029,37,70.15,EUR
O50524,2025-11-17,C029,P1001,18,51.43,EUR
O50392,2025-09-13,C016,P1021,49,70.79,eur
O50460,2025-08-13,C031,P1034,1,78.02,EUR
O50600,2026-05-01,C015,P1035,9,34.81,EUR
O51101,2026-04-29,C019,P1014,45,20.11,eur
O50858,2025-10-12,C040,P1009,18,35.53,EUR
O50344,2026-05-18,C036,P1023,25,30.11,eur
O51070,07.05.2026,C039,P1018,43,46.02,EUR
O50494,10.10.2025,C040,P1010,39,6.22,eur
O51130,05.03.2025,C031,P1009,14,36.55,EUR
O50326,2026-04-17,C011,P1023,9,31.54,eur
O50705,2025-07-05,C025,P1017,54,19.37,EUR
O50829,08.01.2026,C022,P1012,51,45.98,EUR
O51153,2026-01-20,C013,P1004,16,22.12,EUR
O50341,2026-07-08,C009,P1025,51,85.21,EUR
O50137,2025-10-30,C030,P1008,5,9.92,EUR
O50711,2025-01-10,C039,P1031,10,65.76,EUR
O50695,2026-05-04,C028,P1001,52,52.16,EUR
O50398,2025-02-17,C002,P1030,8,54.73,EUR
O51104,2026-01-03,C011,P1023,12,32.07,EUR
O50647,2025-03-23,C026,P1025,40,80.96,EUR
O50333,2025-12-29,C006,P1026,24,32.41,eur
O50615,2025-06-02,C015,P1026,58,31.5,EUR
O50938,2026-02-26,C032,P1021,38,68.86,eur
O50258,2026-02-17,C026,P1003,4,25.62,EUR
O51089,2025-11-07,C020,P1026,6,28.33,EUR
O50939,2026-04-14,C020,P1009,11,38.6,EUR
O51189,2025-12-14,C034,P1030,22,51.9,EUR
O50730,26.07.2026,C037,P1007,23,75.94,eur
O50105,2025-11-25,C022,P1011,27,21.54,EUR
O50512,2025-11-29,C020,P1017,13,19.84,EUR
O51068,10.09.2025,C022,P1007,2,71.27,EUR
O50309,2025-02-27,C019,P1033,15,48.21,EUR
O50421,2026-06-20,C024,P1011,9,21.73,EUR
O50224,2026-01-31,C032,P1012,45,43.42,EUR
O51149,2026-01-27,C008,P1006,7,57.29,EUR
O53222,2025-07-07,C004,P1003,-4,15.0,EUR
O50914,2025-10-15,C030,P1008,30,10.4,EUR
O50639,2026-08-15,C001,P1034,25,82.22,EUR
O50666,2026-05-18,C018,P1033,26,43.79,EUR
O50862,27.02.2026,C029,P1016,47,47.58,EUR
O51052,2025-10-25,C040,P1016,29,49.62,EUR
O50068,2026-03-08,C031,P1006,2,59.2,EUR
O50796,2025-11-03,C025,P1024,53,14.81,eur
O50993,2025-05-06,C032,P1028,18,11.79,EUR
O50218,2026-08-19,C003,P1009,23,37.15,EUR
O51017,2026-03-20,C027,P1013,26,5.56,eur
O50013,06.09.2025,C013,P1027,7,10.27,eur
O50324,2025-10-30,C022,P1013,15,5.68,EUR
O51131,23.06.2026,C034,P1036,50,46.3,EUR
O50412,2026-05-27,C001,P1034,24,85.85,EUR
O50016,24.05.2025,C018,P1012,30,41.68,EUR
O50178,17.11.2025,C027,P1026,19,28.28,EUR
O50332,2025-07-03,C034,P1007,10,70.75,EUR
O50366,2025-04-29,C020,P1023,22,30.23,EUR
O50109,25.03.2026,C002,P1008,41,10.72,EUR
O50219,21.04.2026,C009,P1012,5,44.96,eur
O50238,2025-06-28,C015,P1033,8,49.47,EUR
O50124,2026-03-31,C002,P1020,3,4.09,EUR
O50439,2025-05-20,C007,P1010,11,5.99,EUR
O50405,2025-04-16,C020,P1024,9,15.63,EUR
O50555,2025-02-21,C025,P1036,26,49.52,EUR
O50902,04.07.2025,C020,P1006,23,56.16,EUR
O50640,2026-02-23,C010,P1007,28,75.67,EUR
O50195,14.11.2025,C039,P1009,46,39.49,EUR
O51088,25.06.2025,C026,P1030,56,52.48,eur
O50576,2026-07-09,C029,P1023,7,31.02,EUR
O50331,2026-06-27,C019,P1035,2,33.48,eur
O50878,02.07.2025,C010,P1007,35,77.07,EUR
O50111,27.04.2025,C010,P1008,32,11.27,EUR
O50525,2026-08-14,C006,P1032,9,62.21,eur
O50952,09.06.2026,C032,P1013,21,5.89,EUR
O50900,18.10.2025,C009,P1031,14,63.28,EUR
O50793,2025-12-24,C003,P1010,43,6.12,EUR
O50742,2025-05-04,C025,P1001,4,52.27,EUR
O50172,2025-10-07,C008,P1033,23,45.34,EUR
O51005,2025-12-28,C004,P1021,2,68.04,EUR
O50099,2025-05-26,C011,P1004,51,20.58,EUR
O50226,2026-07-13,C007,P1021,6,65.18,EUR
O50065,2026-07-01,C038,P1026,37,30.96,EUR
O50686,07.03.2025,C004,P1036,2,49.17,EUR
O50697,2025-09-13,C025,P1025,15,75.92,eur
O50197,2026-03-10,C024,P1002,20,5.38,EUR
O50346,07.06.2025,C024,P1021,7,62.61,EUR
O50015,04.03.2025,C007,P1022,16,55.66,eur
O50029,2025-04-17,C008,P1017,57,19.69,EUR
O50432,2025-07-20,C001,P1010,60,5.95,EUR
O50017,2026-03-30,C035,P1004,54,19.58,EUR
O50970,2025-05-28,C034,P1009,19,36.11,eur
O50205,2025-10-19,C018,P1011,29,22.26,EUR
O50245,2026-06-16,C017,P1006,13,58.15,EUR
O50384,03.08.2026,C033,P1036,8,47.66,EUR
O51187,2026-02-16,C015,P1027,56,11.17,EUR
O50991,27.05.2025,C038,P1026,7,31.35,EUR
O50786,2026-06-08,C036,P1025,25,73.12,EUR
O50387,2025-09-27,C029,P1006,56,61.46,EUR
O51039,2026-03-09,C017,P1011,33,19.42,eur
O50050,08.06.2026,C006,P1011,19,20.94,EUR
O50005,28.11.2025,C008,P1002,60,5.54,EUR
O50613,2025-03-20,C033,P1002,41,5.24,eur
O50054,20.04.2025,C012,P1015,52,58.87,eur
O50455,2025-01-31,C031,P1004,34,20.76,EUR
O50316,2025-09-19,C006,P1022,60,58.11,EUR
O50707,2026-06-18,C025,P1031,44,72.19,EUR
O50400,2025-11-06,C006,P1018,42,48.9,EUR
O50106,2026-02-15,C006,P1030,21,49.12,EUR
O50676,2026-02-12,C004,P1011,14,21.95,eur
O50995,31.05.2025,C008,P1007,17,73.72,EUR
O50679,2026-08-14,C023,P1019,21,69.23,eur
O50657,14.12.2025,C038,P1030,56,47.25,EUR
O50536,05.11.2025,C034,P1007,18,75.32,EUR
O50651,2026-02-14,C026,P1026,38,28.7,EUR
O50049,04.08.2025,C030,P1021,29,66.42,EUR
O50714,2025-08-27,C023,P1036,52,50.09,EUR
O50453,2026-07-11,C023,P1025,31,79.53,eur
O51007,01.01.2026,C004,P1023,43,29.19,EUR
O50546,2026-01-17,C008,P1012,26,42.74,eur
O50894,2025-04-19,C039,P1032,52,62.22,EUR
O50036,2025-04-16,C027,P1036,40,49.01,EUR
O50732,01.07.2026,C021,P1023,36,32.88,EUR
O50222,2025-02-07,C023,P1019,56,70.41,EUR
O50183,2025-08-30,C017,P1010,13,5.72,EUR
O51186,2025-03-09,C036,P1004,4,20.54,eur
O50452,2025-03-04,C025,P1018,9,49.38,EUR
O50158,2025-04-12,C014,P1036,28,46.73,EUR
O50280,2026-05-04,C021,P1019,19,68.93,EUR
O53468,2025-07-07,C004,P1003,-4,15.0,EUR
O50012,2026-05-13,C009,P1035,47,35.83,eur
O50782,20.04.2026,C033,P1006,8,53.95,EUR
O50688,2025-11-13,C019,P1016,29,47.5,EUR
O50080,2026-05-15,C017,P1023,22,29.36,EUR
O51160,2025-06-21,C031,P1004,18,21.58,eur
O51148,15.12.2025,C027,P1012,2,45.97,EUR
O50760,2026-07-29,C016,P1003,60,25.45,EUR
O50548,2025-04-26,C011,P1004,7,20.96,eur
O50128,2025-09-19,C019,P1030,44,51.56,EUR
O50302,2026-03-07,C029,P1025,56,84.3,eur
O50182,2026-06-28,C023,P1023,47,32.71,EUR
O50103,2025-10-03,C031,P1012,34,44.51,EUR
O50622,2026-01-23,C034,P1005,17,60.37,EUR
O50019,2025-03-02,C001,P1025,25,75.95,eur
O51071,2026-04-09,C014,P1009,56,34.17,EUR
O50175,2025-10-24,C001,P1008,32,10.96,EUR
O50166,2026-07-29,C002,P1018,12,48.19,EUR
O50286,2026-04-15,C001,P1012,48,42.29,EUR
O50841,2026-03-22,C038,P1006,1,57.93,eur
O50483,2026-08-01,C007,P1010,6,6.2,eur
O51034,2025-01-22,C016,P1004,17,21.43,EUR
O50449,22.06.2025,C032,P1026,2,29.59,eur
O50731,2025-04-17,C036,P1012,26,43.47,EUR
O50249,06.11.2025,C026,P1016,20,46.2,EUR
O50673,2025-04-13,C036,P1016,28,49.24,EUR
O50562,2025-02-16,C009,P1032,53,63.23,eur
O51154,20.05.2026,C018,P1008,4,10.23,eur
O50070,2025-07-24,C016,P1010,9,6.01,EUR
O51033,2025-10-12,C031,P1024,46,15.59,EUR
O50497,2025-04-11,C020,P1009,48,36.53,EUR
O50476,2025-02-24,C014,P1022,13,57.73,EUR
O51165,04.08.2025,C002,P1022,59,60.41,EUR
O50687,2025-04-17,C006,P1010,42,6.46,eur
O50335,2025-02-02,C025,P1026,25,30.42,EUR
O50140,2025-04-21,C002,P1031,40,71.35,EUR
O51006,2026-01-11,C022,P1002,25,5.3,EUR
O51032,2026-05-18,C021,P1008,35,10.41,EUR
O50257,2025-10-20,C028,P1007,9,78.43,EUR
O50011,2025-08-23,C022,P1003,5,25.38,EUR
O50039,09.02.2025,C013,P1015,53,58.52,EUR
O50407,2026-03-27,C010,P1014,59,19.06,eur
O50200,2025-06-16,C029,P1011,3,20.58,EUR
O50877,02.07.2025,C032,P1005,60,58.61,eur
O50985,2026-02-22,C008,P1021,30,62.82,EUR
O50764,2025-05-21,C034,P1025,44,80.4,EUR
O51029,2026-06-19,C006,P1032,16,62.07,EUR
O51112,2025-10-21,C018,P1006,24,58.89,eur
O50473,2025-10-29,C017,P1021,7,62.42,EUR
O53067,2025-06-06,C003,P9999,3,9.9,EUR
O50692,2026-07-07,C029,P1006,20,55.67,EUR
O50712,2025-09-12,C006,P1032,44,62.25,EUR
O50655,2026-05-31,C008,P1022,52,58.72,EUR
O51177,2026-05-23,C003,P1034,57,83.08,EUR
O50028,2026-07-11,C001,P1034,43,84.33,EUR
O50974,2026-06-20,C020,P1012,2,45.16,EUR
O50046,2025-11-18,C033,P1020,20,4.32,EUR
O50519,2026-01-16,C030,P1019,55,63.17,EUR
O50213,2026-07-03,C037,P1033,16,47.49,EUR
O50021,2025-03-01,C004,P1021,4,67.97,EUR
O51133,2026-03-03,C033,P1010,9,6.03,eur
O51072,2025-11-27,C036,P1005,39,60.42,eur
O50420,2025-05-03,C001,P1009,11,36.85,EUR
O50334,2026-08-02,C020,P1015,44,57.71,EUR
O50799,2025-04-22,C039,P1031,60,70.3,EUR
O50785,2025-05-07,C029,P1008,41,10.3,eur
O50517,2025-05-12,C012,P1036,44,50.15,EUR
O50108,26.05.2026,C014,P1004,18,21.42,EUR
O50774,2025-05-21,C015,P1013,3,5.7,EUR
O51121,20.12.2025,C020,P1013,6,5.36,EUR
O50378,12.08.2026,C012,P1028,32,11.55,EUR
O50125,2025-10-28,C028,P1024,10,15.27,eur
O51127,2025-12-25,C037,P1019,44,63.41,eur
O51060,2025-10-15,C019,P1028,58,11.99,EUR
O51037,2025-11-01,C029,P1011,41,20.27,eur
O50506,2025-08-15,C018,P1014,42,19.05,EUR
O51053,20.08.2026,C001,P1006,31,53.52,EUR
O50740,27.06.2025,C039,P1007,42,71.46,eur
O50744,07.02.2026,C006,P1033,15,45.36,eur
O50715,22.01.2025,C009,P1023,17,32.42,eur
O50069,2025-12-25,C003,P1005,49,56.92,EUR
O50683,01.10.2025,C029,P1018,50,52.98,EUR
O50299,2025-11-12,C017,P1026,53,27.73,EUR
O50551,2025-03-06,C001,P1021,46,71.06,EUR
O50644,24.08.2025,C007,P1011,14,20.91,EUR
O50904,2026-04-21,C004,P1018,13,46.89,EUR
O50281,2026-08-11,C003,P1035,59,35.75,eur
O50162,2025-05-14,C036,P1036,22,48.4,eur
O51011,08.08.2026,C037,P1021,7,70.41,EUR
O50907,2025-02-14,C035,P1004,12,20.07,EUR
O50246,2025-05-09,C006,P1035,33,34.23,EUR
O50045,2025-01-02,C028,P1024,5,17.09,EUR
O50940,2026-05-11,C004,P1019,10,65.74,eur
O51117,2026-02-07,C037,P1010,4,6.51,EUR
O50098,2026-03-12,C015,P1035,42,31.56,EUR
O50978,2026-04-26,C003,P1017,5,20.36,EUR
O50716,2026-03-25,C032,P1035,13,33.83,EUR
O50188,04.06.2026,C038,P1030,36,54.94,EUR
O51116,2025-03-28,C026,P1021,50,63.4,EUR
O51016,2026-03-14,C005,P1023,42,32.05,EUR
O50394,2026-02-17,C030,P1024,32,15.48,EUR
O50469,2026-04-03,C014,P1017,16,21.69,EUR
O51008,2025-11-16,C020,P1005,8,59.98,EUR
O50751,30.05.2025,C015,P1003,13,26.09,EUR
O50633,2025-06-03,C031,P1012,58,44.25,EUR
O51082,2026-07-19,C033,P1003,7,25.37,eur
O50184,2025-03-19,C030,P1032,49,61.71,eur
O50256,2025-09-04,C004,P1023,4,29.37,eur
O50426,2026-01-28,C003,P1012,36,45.57,eur
O50180,07.09.2025,C034,P1026,6,29.65,EUR
O51168,2025-05-07,C039,P1025,23,77.51,EUR
O50830,10.04.2026,C005,P1002,31,5.31,eur
O50844,2026-02-08,C026,P1025,25,78.13,EUR
O50628,2025-05-18,C004,P1010,11,5.8,EUR
O50401,2026-01-16,C026,P1004,41,20.58,EUR
O50236,2026-04-08,C006,P1029,52,72.41,EUR
O50812,2025-11-19,C027,P1018,6,50.01,EUR
O50729,2025-07-14,C016,P1034,37,81.84,EUR
O50863,2026-08-15,C017,P1004,49,22.35,EUR
O50718,2025-03-12,C019,P1029,53,67.64,EUR
O50356,2025-11-23,C037,P1032,51,58.53,eur
O50468,2025-12-22,C006,P1011,53,21.59,EUR
O50941,2025-06-20,C019,P1035,12,36.03,EUR
O50903,2025-07-16,C007,P1034,40,78.41,EUR
O50662,2025-07-07,C013,P1032,16,63.41,EUR
O50295,23.06.2026,C024,P1034,5,85.63,EUR
O50094,2025-11-09,C014,P1007,41,70.39,EUR
O51031,2025-08-08,C027,P1029,17,74.48,EUR
O50041,2025-10-13,C023,P1018,42,50.11,EUR
O50590,2025-02-10,C008,P1025,25,75.84,EUR
O50474,2026-01-20,C036,P1005,58,66.38,EUR
O51155,09.03.2025,C027,P1002,41,5.43,EUR
O50503,2025-02-01,C032,P1024,39,15.79,eur
O50901,20.06.2026,C016,P1027,12,11.19,EUR
O50583,2026-08-22,C022,P1001,30,55.81,EUR
O50933,12.07.2025,C006,P1006,26,60.58,EUR
O50337,2026-08-03,C003,P1034,15,76.45,eur
O50539,02.01.2026,C011,P1019,3,67.87,EUR
O50253,2025-04-10,C025,P1019,56,68.6,EUR
O51069,2026-02-08,C021,P1007,10,68.21,eur
O51114,16.03.2026,C030,P1027,55,11.02,EUR
O50409,26.12.2025,C009,P1021,16,64.63,EUR
O50845,27.06.2025,C013,P1009,36,36.18,EUR
O51045,07.02.2026,C002,P1015,2,58.56,EUR
O50457,13.08.2025,C012,P1023,12,29.15,EUR
O51123,2026-06-18,C002,P1011,2,22.21,EUR
O50008,2025-08-05,C026,P1020,43,4.31,eur
O50207,2026-03-01,C033,P1026,24,28.87,EUR
O51111,26.03.2026,C016,P1001,54,56.68,EUR
O50470,2025-09-20,C004,P1001,25,53.43,eur
O50702,2025-08-27,C001,P1010,32,5.76,eur
O50734,2026-01-20,C029,P1024,29,17.12,EUR
O50515,2025-12-18,C031,P1035,59,35.86,EUR
O56200,2025-13-40,C006,P1002,2,15.0,EUR
O50602,2025-05-07,C037,P1001,39,53.05,EUR
O51009,2026-07-06,C030,P1003,43,26.82,eur
O50962,2025-05-08,C012,P1027,32,11.71,EUR
O50589,2025-04-28,C016,P1029,58,71.96,EUR
O50619,2025-09-28,C003,P1015,43,52.19,EUR
O50163,29.12.2025,C019,P1004,39,20.6,EUR
O50487,2025-08-05,C003,P1009,28,34.35,eur
O50681,2025-06-21,C040,P1027,37,10.82,EUR
O51074,16.06.2025,C019,P1026,42,31.4,EUR
O51146,2025-01-20,C016,P1014,54,19.98,eur
O50443,2026-02-10,C017,P1020,53,4.54,EUR
O50318,2025-03-16,C014,P1036,31,44.88,EUR
O50211,16.07.2026,C019,P1008,16,10.2,EUR
O50892,2026-04-28,C009,P1016,1,44.07,EUR
O52378,2025-06-06,C003,P9999,3,9.9,EUR
O50212,02.09.2025,C005,P1030,8,53.96,eur
O50887,03.01.2026,C029,P1006,48,54.04,EUR
O51173,2025-06-24,C005,P1012,38,40.82,EUR
O50979,2025-04-09,C038,P1014,58,18.39,EUR
O50399,28.03.2026,C028,P1001,13,58.31,EUR
O50071,2026-08-01,C017,P1030,50,50.08,EUR
O50761,17.05.2026,C002,P1011,23,21.51,EUR
O50490,17.06.2026,C040,P1001,38,54.17,eur
O51198,03.11.2025,C011,P1022,7,58.16,EUR
O51179,2025-12-09,C015,P1002,45,5.6,EUR
O51195,2026-06-15,C016,P1004,33,22.35,EUR
O50227,10.11.2025,C011,P1028,45,11.2,eur
O51166,2026-05-03,C012,P1001,27,54.46,eur
O51058,31.05.2026,C030,P1022,9,54.69,eur
O50842,2025-05-11,C024,P1004,58,21.42,EUR
O50670,2025-07-11,C018,P1016,31,50.01,EUR
O51048,2026-08-04,C034,P1001,28,56.37,eur
O50023,2026-02-18,C038,P1016,39,43.07,EUR
O50755,2025-05-25,C038,P1025,58,81.05,EUR
O50118,2026-05-23,C033,P1009,38,35.87,EUR
O50932,2026-04-27,C040,P1029,24,73.76,EUR
O50144,2026-03-01,C040,P1032,27,65.43,EUR
O50597,18.01.2025,C035,P1008,1,10.78,EUR
O50478,2025-06-07,C001,P1024,28,14.86,eur
O50422,2025-05-01,C028,P1022,18,58.82,EUR
O50582,2026-01-22,C018,P1028,36,10.87,EUR
O50791,11.08.2025,C027,P1030,29,47.68,EUR
O50143,02.02.2026,C035,P1024,27,16.15,EUR
O50408,2025-08-11,C009,P1007,49,69.34,eur
O50383,2025-10-27,C015,P1018,35,48.32,eur
O50055,2025-02-21,C030,P1008,9,11.05,EUR
O51001,30.03.2026,C003,P1003,12,25.56,EUR
O51065,2026-05-20,C008,P1010,23,5.64,EUR
O50364,2026-04-02,C030,P1026,50,31.04,EUR
O50214,2026-03-16,C016,P1023,37,30.04,EUR
O50352,10.10.2025,C031,P1020,51,3.92,EUR
O50191,11.09.2025,C034,P1029,34,71.59,EUR
O50624,2026-05-29,C011,P1029,15,65.51,EUR
O50925,31.10.2025,C040,P1018,35,50.64,EUR
O50674,2025-05-30,C001,P1031,12,66.31,EUR
O50223,2025-10-07,C028,P1024,57,15.67,eur
O50973,18.01.2025,C020,P1023,45,29.77,eur
O50386,2026-03-12,C020,P1016,56,50.31,eur
O50792,2025-09-08,C014,P1036,4,44.69,EUR
O50131,2026-08-12,C002,P1019,54,69.07,EUR
O51061,2026-06-14,C011,P1028,21,11.74,eur
O50419,29.04.2025,C020,P1004,43,22.08,EUR
O50781,2026-04-18,C019,P1028,40,12.07,EUR
O50801,13.05.2025,C032,P1034,32,84.21,EUR
O50677,09.04.2025,C017,P1022,24,57.26,EUR
O50315,30.07.2026,C036,P1027,34,10.34,EUR
O51079,2026-04-20,C032,P1010,34,6.17,EUR
O50066,2026-03-15,C012,P1030,4,49.18,EUR
O50048,2025-06-28,C036,P1026,54,27.72,EUR
O50668,28.06.2025,C034,P1008,30,10.22,EUR
O51108,2025-04-19,C003,P1036,33,44.09,EUR
O50827,2026-04-22,C030,P1006,7,56.5,eur
O50872,2025-04-05,C039,P1014,41,18.15,EUR
O50859,2025-01-15,C038,P1012,48,40.98,eur
O50462,2025-04-24,C024,P1005,46,66.02,eur
O50696,2025-01-08,C027,P1013,57,5.85,eur
O50727,2026-01-13,C034,P1018,3,51.93,EUR
O51024,21.04.2026,C028,P1036,28,48.22,EUR
O50020,20.10.2025,C032,P1036,10,44.73,EUR
O50626,24.08.2025,C008,P1022,31,60.25,eur
O50263,2025-06-02,C040,P1021,21,63.38,EUR
O50285,01.06.2026,C013,P1018,52,46.89,EUR
O50768,2026-08-02,C005,P1021,36,67.41,EUR
O50062,13.08.2026,C001,P1031,23,64.97,eur
O50922,2025-04-03,C020,P1031,11,69.38,EUR
O50899,2025-06-11,C006,P1032,1,56.2,EUR
O51096,10.06.2026,C004,P1015,34,50.52,EUR
O50856,2026-08-01,C031,P1004,38,20.11,EUR
O50879,19.04.2025,C007,P1017,3,19.58,EUR
O50385,2026-07-11,C003,P1035,49,34.65,EUR
O50642,28.07.2025,C036,P1036,31,44.65,eur
O50176,13.05.2025,C015,P1035,33,33.79,EUR
O50698,2025-09-03,C035,P1019,52,64.82,EUR
O50945,2025-05-05,C032,P1026,50,28.43,eur
O50960,2026-08-23,C036,P1032,48,60.72,EUR
O51057,2026-01-15,C003,P1036,38,44.65,EUR
O51137,2026-01-19,C032,P1019,2,70.52,EUR
O50972,2025-07-12,C030,P1027,59,10.23,EUR
O50430,2025-11-15,C036,P1006,30,52.37,EUR
O50465,2025-08-17,C020,P1025,47,81.37,EUR
O51126,2026-04-05,C030,P1001,22,58.2,EUR
O50815,2026-05-28,C022,P1013,60,5.77,EUR
O50306,11.09.2025,C010,P1023,18,28.91,EUR
O51152,2026-02-04,C010,P1021,27,71.33,EUR
O50967,2025-12-31,C019,P1019,34,68.86,EUR
O50025,29.09.2025,C020,P1009,30,35.77,EUR
O50831,2026-04-18,C023,P1019,39,68.16,EUR
O50828,2026-04-27,C010,P1015,56,58.31,EUR
O50710,2025-11-29,C018,P1011,38,19.6,EUR
O50578,18.02.2025,C027,P1025,51,85.05,EUR
O50614,2025-08-06,C017,P1036,35,50.11,eur
O50018,2025-08-31,C032,P1027,31,10.48,eur
O50535,2026-07-15,C010,P1031,14,69.29,EUR
O50283,2025-02-08,C037,P1020,39,3.94,EUR
O50391,19.05.2025,C018,P1004,56,21.78,EUR
O50563,2025-04-20,C013,P1013,8,6.19,eur
O50620,02.02.2026,C003,P1030,3,55.16,EUR
O50513,28.02.2025,C009,P1021,47,61.89,eur
O50675,2026-06-14,C020,P1032,17,61.69,EUR
O50403,20.08.2025,C001,P1001,45,52.6,EUR
O50684,18.06.2026,C011,P1027,12,11.62,EUR
O50411,2026-02-06,C016,P1004,32,20.85,EUR
O51119,2025-01-09,C040,P1034,59,75.61,eur
O50079,07.08.2026,C002,P1022,32,61.92,EUR
O50738,2025-09-29,C015,P1016,17,48.89,EUR
O50147,06.05.2025,C014,P1006,42,58.19,EUR
O51937,2025-05-05,,P1005,5,12.5,EUR
O50202,2025-07-18,C030,P1029,50,67.85,eur
O50467,2025-08-15,C010,P1032,22,63.51,EUR
O50567,2026-08-16,C007,P1009,25,37.81,EUR
O50161,2025-03-10,C006,P1006,28,53.18,EUR
O51120,2026-04-02,C040,P1035,51,34.11,eur
O51051,2025-10-17,C012,P1027,27,11.51,EUR
O51028,2026-02-11,C008,P1016,37,48.32,EUR
O50604,2025-06-14,C040,P1015,54,52.6,EUR
O50169,06.03.2026,C011,P1022,24,56.8,EUR
O50736,2025-01-07,C014,P1015,55,53.15,EUR
O50156,2025-03-17,C039,P1021,10,62.33,EUR
O50544,2025-04-29,C001,P1003,55,23.84,EUR
O50479,2025-07-24,C014,P1002,11,5.8,EUR
O50905,01.05.2026,C011,P1012,43,46.42,EUR
O50368,2025-11-23,C003,P1020,52,4.35,EUR
O50051,2025-04-06,C015,P1020,52,4.0,EUR
O50784,2026-04-11,C021,P1017,45,21.54,EUR
O50560,08.01.2026,C007,P1008,49,10.81,EUR
O50650,2025-02-06,C001,P1016,11,43.43,EUR
O51019,07.08.2025,C035,P1018,52,50.96,eur
O50753,2025-01-15,C020,P1008,29,10.49,EUR
O50838,02.12.2025,C006,P1004,14,22.34,EUR
O50886,2025-06-30,C013,P1025,20,81.47,EUR
O50958,2026-03-01,C030,P1036,46,47.62,EUR
O50924,2026-04-21,C025,P1005,58,63.51,EUR
O50873,2025-03-30,C037,P1025,52,84.94,EUR
O50689,2026-06-24,C003,P1002,43,5.54,EUR
O51050,22.10.2025,C009,P1025,28,83.52,EUR
O50953,05.01.2026,C028,P1010,24,5.93,EUR
O50085,2025-10-05,C015,P1017,8,21.79,EUR
O50472,2026-05-06,C029,P1011,5,21.9,EUR
O50721,14.07.2025,C010,P1036,40,45.44,eur
O51188,10.04.2026,C028,P1030,57,52.17,EUR
O50911,28.04.2026,C028,P1004,10,20.27,eur
O50605,2025-07-05,C030,P1036,42,47.48,EUR
O50173,2026-05-14,C015,P1003,26,27.32,EUR
O50276,20.09.2025,C013,P1014,53,19.45,EUR
O50174,2025-01-08,C014,P1020,50,3.96,EUR
O51128,2026-06-17,C021,P1007,34,74.84,EUR
O50522,2025-07-25,C037,P1027,58,11.71,eur
O51190,2025-04-16,C038,P1005,51,65.01,EUR
O50322,2026-04-23,C021,P1031,59,63.93,EUR
O50773,18.05.2025,C012,P1024,55,15.64,eur
O50871,2026-04-02,C019,P1015,17,52.07,EUR
O50627,2025-08-04,C002,P1027,16,10.17,EUR
O50448,2025-05-12,C008,P1022,3,62.79,EUR
O50811,08.08.2026,C039,P1012,8,46.01,EUR
O50481,04.04.2025,C024,P1012,57,42.6,EUR
O50926,2025-03-24,C033,P1004,59,21.85,EUR
O50416,2026-07-04,C006,P1018,20,46.62,EUR
O50450,2025-06-26,C012,P1014,18,18.64,EUR
O50425,2025-08-22,C001,P1003,16,23.46,EUR
O50075,2026-01-15,C022,P1033,1,48.46,eur
O50822,2026-07-17,C010,P1018,46,52.5,EUR
O50550,14.05.2025,C008,P1032,57,60.2,EUR
O50971,2026-02-26,C007,P1011,14,19.72,EUR
O51014,2026-07-03,C017,P1019,4,65.13,eur
O50990,18.04.2025,C034,P1029,43,72.35,EUR
O51077,02.02.2026,C037,P1018,39,49.41,eur
O50766,2026-04-05,C009,P1014,38,19.46,EUR
O50660,2025-09-12,C026,P1006,44,59.2,EUR
O50367,18.06.2026,C031,P1023,7,30.15,eur
O50951,2025-10-12,C006,P1002,35,5.99,EUR
O51063,06.02.2025,C011,P1017,46,20.92,EUR
O51022,28.07.2025,C019,P1018,42,47.28,EUR
O51404,2025-05-05,,P1005,5,12.5,EUR
O51043,2026-02-25,C031,P1029,56,73.02,EUR
O50795,2025-10-19,C038,P1030,24,54.75,EUR
O51042,2026-08-13,C011,P1008,16,10.56,EUR
O50343,15.12.2025,C002,P1021,41,64.59,eur
O50133,2025-08-13,C009,P1017,41,19.66,EUR
O50964,19.08.2026,C017,P1028,41,11.64,EUR
O50167,2025-12-14,C012,P1001,56,50.85,eur
O50429,2025-08-17,C005,P1026,57,29.99,EUR
O51002,18.06.2025,C009,P1028,20,11.7,eur
O51197,2025-12-16,C030,P1031,39,69.26,EUR
O51041,2026-03-31,C026,P1001,13,55.1,EUR
O50259,2026-01-07,C025,P1005,33,61.11,EUR
O50574,2025-05-29,C013,P1004,18,22.11,EUR
O50110,2025-06-12,C001,P1036,36,46.4,EUR
O50507,10.01.2025,C012,P1009,39,38.67,EUR
O50672,09.01.2026,C029,P1018,12,50.61,EUR
O50305,2025-01-24,C035,P1030,28,51.44,EUR
O50603,2025-11-09,C014,P1023,27,32.45,EUR
O51097,2026-07-21,C027,P1018,57,49.82,eur
O50388,2025-08-03,C011,P1028,40,10.64,EUR
O50152,2025-01-17,C004,P1017,9,21.86,EUR
O50095,2025-06-10,C036,P1012,5,41.02,eur
O50501,2025-07-17,C016,P1004,3,21.1,EUR
O50880,2026-04-02,C010,P1032,42,62.47,EUR
O50652,2025-03-12,C019,P1036,47,49.62,EUR
O50767,2025-05-22,C009,P1034,28,86.65,EUR
O50775,04.10.2025,C013,P1015,49,52.17,EUR
O51091,2025-05-29,C035,P1028,13,10.54,eur
O50393,2026-05-17,C027,P1018,25,49.64,EUR
O50389,2025-07-31,C035,P1023,18,30.93,EUR
O50268,2026-03-28,C010,P1027,27,11.33,eur
O50296,2025-03-05,C010,P1035,11,32.53,eur
O50243,13.05.2025,C004,P1033,54,43.07,EUR
O50134,13.11.2025,C038,P1003,24,26.28,EUR
O50889,27.05.2026,C003,P1002,22,5.26,EUR
O51080,25.10.2025,C006,P1028,59,11.86,EUR
O50351,2025-10-03,C032,P1018,10,46.49,eur
O50763,2026-02-01,C018,P1036,15,44.44,eur
O50758,2025-04-21,C025,P1019,15,72.58,EUR
O50492,2025-04-19,C035,P1019,57,65.64,eur
O50935,2025-06-04,C002,P1034,19,79.12,EUR
O50625,2025-08-05,C011,P1012,24,44.16,EUR
O50431,2025-10-26,C030,P1016,24,47.24,eur
O50694,2025-12-19,C035,P1031,1,69.21,eur
O50228,2025-02-13,C018,P1028,41,12.18,EUR
O50777,12.02.2025,C026,P1021,40,71.83,EUR
O50282,2025-06-30,C032,P1026,12,32.3,EUR
O50043,2025-02-09,C023,P1028,47,11.83,eur
O50208,2026-01-19,C021,P1002,60,5.3,EUR
